{
    "model_info": {
        "architecture": {
            "input_dim": 1054,
            "encoder_layers": [
                256,
                64,
                32
            ],
            "decoder_layers": [
                64,
                256,
                1054
            ]
        },
        "training": {
            "losses": [
                0.2648904025554657,
                0.26112523674964905
            ],
            "final_loss": 0.26112523674964905,
            "training_samples": 1000
        },
        "anomaly_detection": {
            "threshold": 0.3786661624908447,
            "anomaly_count": 909,
            "total_samples": 18170,
            "anomaly_percentage": 5.002751788662631
        }
    },
    "error_stats": {
        "mean": 1.233803153038025,
        "std": 7.362911701202393,
        "min": 0.2411581426858902,
        "max": 57.57801055908203,
        "percentiles": {
            "25": 0.24941225349903107,
            "50": 0.2552393078804016,
            "75": 0.26539987325668335,
            "95": 0.3786661624908447
        }
    }
}